{"name":"nombre","identifier":"QRWIDN8ZA3","description":null,"slotTypeName":"AMAZON.FirstName","obfuscationSetting":null,"valueElicitationSetting":{"defaultValueSpecification":null,"waitAndContinueSpecification":null,"slotConstraint":"Required","promptSpecification":{"messageGroupsList":[{"message":{"ssmlMessage":null,"plainTextMessage":{"value":"Ingresa tu nombre"},"customPayload":null,"imageResponseCard":null},"variations":null}],"allowInterrupt":true,"maxRetries":4},"sampleUtterances":null},"multipleValuesSetting":null}