{"name":"AyudaPagos","identifier":"ULXPCVQ1W0","description":null,"parentIntentSignature":null,"sampleUtterances":[{"utterance":"Pagos de servicios"},{"utterance":"Información de pagos de servicios "},{"utterance":"¿Cómo realizó mis pagos de servicios?"},{"utterance":"¿Cómo pago mis servicios?"},{"utterance":"Luz"},{"utterance":"Agua"},{"utterance":"Internet"},{"utterance":"Varios"}],"intentConfirmationSetting":null,"intentClosingSetting":{"isActive":true,"closingResponse":{"messageGroupsList":[{"message":{"ssmlMessage":null,"plainTextMessage":{"value":"Para más información sobre este producto redirigete a este link https://www.bbva.mx/"},"customPayload":null,"imageResponseCard":null},"variations":null}],"allowInterrupt":true}},"inputContexts":null,"outputContexts":null,"kendraConfiguration":null,"dialogCodeHook":null,"fulfillmentCodeHook":null,"slotPriorities":[]}