{"name":"Bienvenida","identifier":"PSBAUEERTS","description":"Dar la bienvenida al usuario","parentIntentSignature":null,"sampleUtterances":[{"utterance":"Hola "},{"utterance":"Buen día "},{"utterance":"Buenos días "},{"utterance":"Necesito ayuda"},{"utterance":"¿Me podrías ayudar?"},{"utterance":"Ayuda "}],"intentConfirmationSetting":null,"intentClosingSetting":{"isActive":true,"closingResponse":{"messageGroupsList":[{"message":{"ssmlMessage":null,"plainTextMessage":{"value":"Hola bienvenido (a), ¿con qué podemos ayudarle?"},"customPayload":null,"imageResponseCard":null},"variations":null}],"allowInterrupt":true}},"inputContexts":null,"outputContexts":null,"kendraConfiguration":null,"dialogCodeHook":null,"fulfillmentCodeHook":null,"slotPriorities":[]}