{"name":"apellido","identifier":"VG1SNNZESN","description":null,"slotTypeName":"AMAZON.LastName","obfuscationSetting":null,"valueElicitationSetting":{"defaultValueSpecification":null,"waitAndContinueSpecification":null,"slotConstraint":"Required","promptSpecification":{"messageGroupsList":[{"message":{"ssmlMessage":null,"plainTextMessage":{"value":"Ingresa tu apellido "},"customPayload":null,"imageResponseCard":null},"variations":null}],"allowInterrupt":true,"maxRetries":4},"sampleUtterances":null},"multipleValuesSetting":null}