{"name":"AyudaRecompesas","identifier":"24XDN94JHJ","description":null,"parentIntentSignature":null,"sampleUtterances":[{"utterance":"Me gustaría saber que recompensas ofrecen"},{"utterance":"Ayuda recompesas"},{"utterance":"Recompesas"},{"utterance":"Info recompesas"}],"intentConfirmationSetting":null,"intentClosingSetting":{"isActive":true,"closingResponse":{"messageGroupsList":[{"message":{"ssmlMessage":null,"plainTextMessage":{"value":"Por favor redirigete a este link https://www.bbva.mx/"},"customPayload":null,"imageResponseCard":null},"variations":null}],"allowInterrupt":true}},"inputContexts":null,"outputContexts":null,"kendraConfiguration":null,"dialogCodeHook":null,"fulfillmentCodeHook":null,"slotPriorities":[]}