{"name":"AyudaPuntos","identifier":"RFARJP6QMN","description":null,"parentIntentSignature":null,"sampleUtterances":[{"utterance":"Puntos"},{"utterance":"Ayuda puntos "},{"utterance":"Información puntos"},{"utterance":"¿Cómo consigo mis puntos?"},{"utterance":"Info puntos"}],"intentConfirmationSetting":null,"intentClosingSetting":{"isActive":true,"closingResponse":{"messageGroupsList":[{"message":{"ssmlMessage":null,"plainTextMessage":{"value":"Para más información sobre este producto redirigete a este link https://www.bbva.mx/"},"customPayload":null,"imageResponseCard":null},"variations":null}],"allowInterrupt":true}},"inputContexts":null,"outputContexts":null,"kendraConfiguration":null,"dialogCodeHook":null,"fulfillmentCodeHook":null,"slotPriorities":[]}