{"name":"idcuenta","identifier":"BWSXC4AANN","description":null,"slotTypeName":"AMAZON.Number","obfuscationSetting":null,"valueElicitationSetting":{"defaultValueSpecification":null,"waitAndContinueSpecification":null,"slotConstraint":"Required","promptSpecification":{"messageGroupsList":[{"message":{"ssmlMessage":null,"plainTextMessage":{"value":"Ingresa los digitos de tu cuenta "},"customPayload":null,"imageResponseCard":null},"variations":null}],"allowInterrupt":true,"maxRetries":4},"sampleUtterances":null},"multipleValuesSetting":null}