{"name":"Balance","identifier":"NPIUCODBAF","description":null,"parentIntentSignature":null,"sampleUtterances":[{"utterance":"Quiero ver mi estado de cuenta"},{"utterance":"Estado de cuenta"},{"utterance":"Dudas estado de cuenta"},{"utterance":"Balance estado de cuenta"}],"intentConfirmationSetting":null,"intentClosingSetting":null,"inputContexts":null,"outputContexts":null,"kendraConfiguration":null,"dialogCodeHook":{"enabled":false},"fulfillmentCodeHook":{"postFulfillmentStatusSpecification":null,"fulfillmentUpdatesSpecification":null,"enabled":true},"slotPriorities":[{"priority":3,"slotName":"idcuenta"},{"priority":1,"slotName":"nombre"},{"priority":2,"slotName":"apellido"}]}