{"name":"AyudaInvitados","identifier":"KT7VYG7ZFM","description":null,"parentIntentSignature":null,"sampleUtterances":[{"utterance":"Creación de servicio invitado "},{"utterance":"Invitados"},{"utterance":"Invitados info"},{"utterance":"¿Cómo utilizo el servicio invitado?"},{"utterance":"Invitados información "}],"intentConfirmationSetting":null,"intentClosingSetting":{"isActive":true,"closingResponse":{"messageGroupsList":[{"message":{"ssmlMessage":null,"plainTextMessage":{"value":"Para más información dirigete a este link https://www.bbva.mx/"},"customPayload":null,"imageResponseCard":null},"variations":null}],"allowInterrupt":true}},"inputContexts":null,"outputContexts":null,"kendraConfiguration":null,"dialogCodeHook":null,"fulfillmentCodeHook":null,"slotPriorities":[]}